Major,Early Career Pay,Mid-Career Pay,Spread
Petroleum Engineering,98100.0,212100.0,114000.0
Interaction Design,77400.0,178800.0,101400.0
Operations Research & Industrial Engineering,101200.0,202600.0,101400.0
Building Science,71100.0,172400.0,101300.0
Actuarial Mathematics,71200.0,167500.0,96300.0
Foreign Affairs,65200.0,157700.0,92500.0
Public Accounting,71500.0,162200.0,90700.0
Information & Computer Science,73200.0,162900.0,89700.0
Applied Economics and Management,81200.0,169300.0,88100.0
Quantitative Economics,78400.0,165100.0,86700.0
Pharmacy,71500.0,158000.0,86500.0
Optical Science & Engineering,81500.0,166400.0,84900.0
Cognitive Science,80300.0,162100.0,81800.0
Political Economy,75800.0,156700.0,80900.0
Jazz Studies,63800.0,143600.0,79800.0
Managerial Economics,78200.0,157800.0,79600.0
Econometrics,74200.0,150900.0,76700.0
Systems Engineering,89700.0,163800.0,74100.0
Astronomy,77000.0,150000.0,73000.0
Global & International Studies,62300.0,135100.0,72800.0
Asian Studies,54800.0,127500.0,72700.0
Industrial Hygiene,66700.0,138500.0,71800.0
Aeronautics & Astronautics,89800.0,161600.0,71800.0
Interactive Media Design,62400.0,134100.0,71700.0
Actuarial Science,78500.0,150000.0,71500.0
Information Management,71000.0,141400.0,70400.0
Energy Management,69700.0,139900.0,70200.0
Operations Research,94900.0,164900.0,70000.0
Entrepreneurship & Marketing,66100.0,134800.0,68700.0
Chemical Engineering,87700.0,156100.0,68400.0
International Economics,66200.0,134500.0,68300.0
Psychobiology,60500.0,128600.0,68100.0
Business & Economics,69000.0,136700.0,67700.0
Russian Studies,57900.0,125200.0,67300.0
Construction Engineering Management,81700.0,148200.0,66500.0
Management Science,75500.0,141900.0,66400.0
Ocean Engineering (OE),80300.0,146600.0,66300.0
Political Communication,59300.0,125500.0,66200.0
Electrical Power Engineering,87200.0,152700.0,65500.0
Mechatronics,83300.0,148600.0,65300.0
Marketing & International Business,62100.0,127200.0,65100.0
Environmental Health & Safety Management,69500.0,134200.0,64700.0
Business Analysis,73100.0,137000.0,63900.0
Electrical Engineering & Computer Science (EECS),128500.0,192300.0,63800.0
Engineering Physics,80900.0,144500.0,63600.0
Integrated Science & Technology,73700.0,137300.0,63600.0
Robotics & Automation,74700.0,137700.0,63000.0
Biochemistry & Molecular Biology,64000.0,127000.0,63000.0
Instrumentation & Control Engineering,83800.0,146600.0,62800.0
Operations Management & Information Systems,78400.0,141100.0,62700.0
Marine Engineering,89400.0,151800.0,62400.0
Computer Science (CS) & Mathematics,82800.0,144900.0,62100.0
Computer Engineering (CE),92000.0,153800.0,61800.0
Naval Architecture & Marine Engineering,85300.0,147000.0,61700.0
Government,65800.0,127400.0,61600.0
Economics,72900.0,134200.0,61300.0
Applied Mathematics,79900.0,141100.0,61200.0
Construction Project Management,71500.0,132500.0,61000.0
Aeronautical Engineering,86500.0,147200.0,60700.0
Computer Science (CS) & Engineering,93500.0,154100.0,60600.0
Aeronautical Science,64900.0,125300.0,60400.0
East Asian Studies,60100.0,120400.0,60300.0
Bioengineering (BioE),81900.0,142100.0,60200.0
Electrical & Computer Engineering (ECE),91100.0,151300.0,60200.0
Electrical & Electronics Engineering (EEE),86300.0,146400.0,60100.0
Engineering,80000.0,140000.0,60000.0
Computational & Applied Mathematics,88200.0,148200.0,60000.0
Agricultural Economics,62400.0,122400.0,60000.0
Physics,77900.0,137700.0,59800.0
Electrical Engineering (EE),87500.0,147200.0,59700.0
Economics & Political Science,66100.0,125600.0,59500.0
Engineering Science,79300.0,138500.0,59200.0
European Studies,62700.0,121600.0,58900.0
Quantitative Business Analysis,86300.0,145000.0,58700.0
Japanese Language,62100.0,120700.0,58600.0
Financial Planning,63300.0,121900.0,58600.0
Japanese Studies,59700.0,118100.0,58400.0
International Relations,62900.0,121200.0,58300.0
Dairy Science,60100.0,118300.0,58200.0
Aeronautical/Aerospace Engineering Technology,84500.0,142500.0,58000.0
International Development Studies,57200.0,114800.0,57600.0
Music Production & Engineering,55100.0,112600.0,57500.0
European History,62700.0,120000.0,57300.0
Web Development,64600.0,121700.0,57100.0
Management Information Systems (MIS),76300.0,133400.0,57100.0
Computer & Information Science,78500.0,135600.0,57100.0
Economics and Mathematics,79800.0,136700.0,56900.0
Chinese Language,62700.0,119500.0,56800.0
Computing & Information Systems (CIS),70900.0,127700.0,56800.0
Molecular Biology,64300.0,121100.0,56800.0
Biochemistry (BCH),58900.0,115600.0,56700.0
International Business & Finance,71500.0,128100.0,56600.0
Mathematics & Statistics,74400.0,131000.0,56600.0
Computer Management Information Systems (CMIS),65800.0,122300.0,56500.0
Business Economics,68600.0,125100.0,56500.0
Mechanical & Aeronautical Engineering,84200.0,140600.0,56400.0
Finance & Real Estate,75700.0,132100.0,56400.0
Management & Finance,66100.0,122400.0,56300.0
International Marketing,67500.0,123700.0,56200.0
Biomedical Engineering (BME),83000.0,139000.0,56000.0
International Business,65100.0,121100.0,56000.0
French Literature,56300.0,112300.0,56000.0
Aerospace Engineering,85900.0,141800.0,55900.0
Information Security & Assurance,70600.0,126400.0,55800.0
Labor Relations,59500.0,115300.0,55800.0
Food Marketing,67100.0,122800.0,55700.0
Aviation Management,58900.0,114600.0,55700.0
Materials Science & Engineering,83700.0,139300.0,55600.0
Computer Science (CS),88400.0,143900.0,55500.0
Aviation,67500.0,123000.0,55500.0
Physical Therapy,57500.0,112700.0,55200.0
Financial Economics,73200.0,128300.0,55100.0
Industrial & Systems Engineering,84500.0,139600.0,55100.0
Automotive Engineering,76600.0,131600.0,55000.0
Finance & Economics,72400.0,127400.0,55000.0
Marketing Communication,54700.0,109600.0,54900.0
Industrial Engineering (IE),83000.0,137800.0,54800.0
Information & Decision Sciences,75400.0,130000.0,54600.0
Rhetoric,60300.0,114700.0,54400.0
Information Systems Management,72600.0,127000.0,54400.0
Food Science & Technology,61700.0,116100.0,54400.0
Building Construction (BC),75500.0,129700.0,54200.0
Structural Engineering (SE),79000.0,133200.0,54200.0
Technical Communication,57200.0,111400.0,54200.0
Environmental Policy Analysis & Planning,60800.0,114900.0,54100.0
Agribusiness,58600.0,112700.0,54100.0
Biotechnology,63000.0,116900.0,53900.0
Comparative Literature,54500.0,108300.0,53800.0
Applied Economics,71900.0,125600.0,53700.0
Political Science/Public Law,60000.0,113700.0,53700.0
Government & International Politics (GVIP),60700.0,113700.0,53000.0
Packaging Science,80700.0,133700.0,53000.0
Real Estate,71400.0,124200.0,52800.0
Cell Biology,58500.0,111300.0,52800.0
Entrepreneurship & Leadership,67000.0,119800.0,52800.0
Business & Marketing,61400.0,114100.0,52700.0
Chemical & Biomolecular Engineering,88300.0,140900.0,52600.0
Politics,61300.0,113800.0,52500.0
Accounting & Economics,76700.0,129100.0,52400.0
Business Finance,67100.0,119400.0,52300.0
Sales & Business Marketing,67000.0,119300.0,52300.0
Consumer Economics,62400.0,114600.0,52200.0
Chemistry,60200.0,112300.0,52100.0
Agricultural Economics & Business,63700.0,115800.0,52100.0
Digital Design,57800.0,109700.0,51900.0
Information Assurance,63500.0,115300.0,51800.0
Marketing & Management,59700.0,111500.0,51800.0
Business Management & Marketing,58700.0,110500.0,51800.0
Marketing,60200.0,111900.0,51700.0
Mechanical Engineering (ME),82000.0,133700.0,51700.0
Construction Management,74200.0,125900.0,51700.0
Hotel Management,58000.0,109700.0,51700.0
Mathematics,74900.0,126600.0,51700.0
Nuclear Engineering,86900.0,138500.0,51600.0
Industrial Safety,61100.0,112600.0,51500.0
Telecommunications Engineering,81400.0,132800.0,51400.0
Industrial Psychology,58100.0,109500.0,51400.0
Advertising,55100.0,106400.0,51300.0
Italian Language,58400.0,109700.0,51300.0
Finance,70800.0,122000.0,51200.0
Mining Engineering,87400.0,138600.0,51200.0
Applied Physics,78700.0,129800.0,51100.0
Business Information Systems,75500.0,126600.0,51100.0
Spanish Literature,59500.0,110500.0,51000.0
Strategic Communication,54900.0,105800.0,50900.0
Marketing & Communications,58400.0,109200.0,50800.0
Materials Engineering,83700.0,134500.0,50800.0
Latin American Studies,54900.0,105600.0,50700.0
Labor Studies,55300.0,106000.0,50700.0
Paper Science,87400.0,138000.0,50600.0
Building Construction Management,73600.0,124100.0,50500.0
Civil Engineering (CE),75800.0,126100.0,50300.0
Digital Media Design,53800.0,104000.0,50200.0
Electronics Engineering,81500.0,131700.0,50200.0
Environmental Science & Policy,58800.0,108800.0,50000.0
Software Engineering,86800.0,136600.0,49800.0
Political Science,59800.0,109600.0,49800.0
Urban Planning,57600.0,107300.0,49700.0
Cybersecurity,74800.0,124400.0,49600.0
Plastics Engineering,81500.0,131000.0,49500.0
Aviation Flight Science (AFL),64200.0,113500.0,49300.0
Computer Information Systems (CIS),71700.0,121000.0,49300.0
Biopsychology,61600.0,110700.0,49100.0
Business & Finance,63400.0,112400.0,49000.0
Civil & Environmental Engineering,75900.0,124900.0,49000.0
Plastics Engineering Technology,75000.0,124000.0,49000.0
Information Systems (IS),75300.0,124200.0,48900.0
Agronomy,56400.0,105300.0,48900.0
Environmental Design,55600.0,104200.0,48600.0
Computer Networking Systems,67100.0,115600.0,48500.0
Crop Science,56400.0,104800.0,48400.0
Biosystems Engineering,74800.0,123000.0,48200.0
Telecommunications Management,64700.0,112900.0,48200.0
Organizational Psychology,58100.0,106300.0,48200.0
Architecture,60000.0,108100.0,48100.0
Geology,57800.0,105900.0,48100.0
Metallurgical Engineering,93200.0,141300.0,48100.0
Business Computer Information Systems (BCIS),76500.0,124500.0,48000.0
Microbiology,56800.0,104800.0,48000.0
Government & Politics,62100.0,110000.0,47900.0
German Language,60600.0,108300.0,47700.0
Accounting & Finance,69100.0,116700.0,47600.0
Advertising & Marketing Communications,56800.0,104100.0,47300.0
Cell & Molecular Biology,59800.0,107000.0,47200.0
Pharmaceutical Sciences (PS),62000.0,109200.0,47200.0
Corporate Communications,57300.0,104300.0,47000.0
Genetics,63200.0,110100.0,46900.0
Data Processing,75900.0,122800.0,46900.0
Environmental Health,58500.0,105300.0,46800.0
Finance & Banking,65100.0,111800.0,46700.0
Astrophysics,81600.0,128300.0,46700.0
Writing,51400.0,98100.0,46700.0
Safety Science,72600.0,119200.0,46600.0
Theatre & Drama Studies,54800.0,101400.0,46600.0
Network Engineering,71500.0,118000.0,46500.0
Networks & Telecommunications,64600.0,111100.0,46500.0
Agricultural Engineering (AE),73500.0,119900.0,46400.0
Computing,73400.0,119800.0,46400.0
Cinema Studies,54800.0,101200.0,46400.0
Accounting & Auditing,67600.0,113900.0,46300.0
Computer Science & Information Technology,76300.0,122500.0,46200.0
Sales & Marketing,62800.0,109000.0,46200.0
Industrial Management,67800.0,113900.0,46100.0
Strategic Management,76400.0,122400.0,46000.0
Natural Sciences,51600.0,97500.0,45900.0
Computer Engineering Technology (CET),72900.0,118800.0,45900.0
Museum Studies,44200.0,90100.0,45900.0
Construction Science,79800.0,125600.0,45800.0
Engineering Technology (ET),67600.0,113400.0,45800.0
International Studies,58100.0,103800.0,45700.0
Philosophy,62700.0,108400.0,45700.0
Architectural Design,52000.0,97600.0,45600.0
Information Technology Management,74100.0,119700.0,45600.0
Mechanical Design,70000.0,115500.0,45500.0
Industrial Distribution,73600.0,118900.0,45300.0
Control Engineering,80000.0,125300.0,45300.0
Textile & Apparel Studies,55000.0,100300.0,45300.0
Environmental Engineering,72600.0,117700.0,45100.0
Advertising & Promotion,55100.0,100200.0,45100.0
Marketing Management,60900.0,105900.0,45000.0
Information Technology (IT),69800.0,114800.0,45000.0
Computer Information Systems,67100.0,111900.0,44800.0
Advertising Design,63200.0,108000.0,44800.0
Engineering Management,79400.0,124200.0,44800.0
Painting & Printmaking,40500.0,85100.0,44600.0
Corporate Finance,74500.0,119100.0,44600.0
Microbiology & Immunology,65400.0,110000.0,44600.0
Agricultural Science,55100.0,99700.0,44600.0
Risk Management,65700.0,110200.0,44500.0
Journalism & Mass Communication,54500.0,99000.0,44500.0
Civil Engineering Technology (CET),67900.0,112400.0,44500.0
Industrial Design (ID),64600.0,109000.0,44400.0
Manufacturing Engineering,79800.0,124200.0,44400.0
Information Security,76400.0,120700.0,44300.0
Computer Graphics Technology (CGT),59400.0,103700.0,44300.0
Philosophy & Religion,51200.0,95400.0,44200.0
Arts Management,46400.0,90500.0,44100.0
English Literature,55600.0,99700.0,44100.0
Accounting,64200.0,108300.0,44100.0
Operations Management (OM),72100.0,116200.0,44100.0
Architectural Studies,52500.0,96500.0,44000.0
Digital Media,53200.0,97200.0,44000.0
Environmental Science,57800.0,101600.0,43800.0
Fashion Design,55500.0,99300.0,43800.0
Interior Architecture,55300.0,99000.0,43700.0
Occupational Health and Safety,69000.0,112700.0,43700.0
Public Relations & Communication,53200.0,96900.0,43700.0
Organizational Behavior,65200.0,108800.0,43600.0
Broadcast & Cinematic Arts,49400.0,93000.0,43600.0
Electrical Engineering Technology (EET),76100.0,119600.0,43500.0
Product Design,72100.0,115600.0,43500.0
Architectural Engineering,76400.0,119800.0,43400.0
Environmental Biology,52100.0,95500.0,43400.0
Design,62400.0,105800.0,43400.0
Biological Sciences,58600.0,101900.0,43300.0
Administration of Justice,52800.0,96000.0,43200.0
Music Technology,53000.0,96200.0,43200.0
Journalism,54200.0,97400.0,43200.0
Applied Networking & Systems Administration,67500.0,110700.0,43200.0
Occupational Therapy (OT),63500.0,106700.0,43200.0
Environmental Health & Safety,66500.0,109600.0,43100.0
Accounting & Management,63900.0,107000.0,43100.0
Interpersonal Communications,51500.0,94600.0,43100.0
Construction Engineering,78300.0,121300.0,43000.0
History & Politics,56500.0,99400.0,42900.0
Computer Programming,68800.0,111700.0,42900.0
Magazine Journalism,56400.0,99300.0,42900.0
Advertising & Marketing,57000.0,99800.0,42800.0
Integrated Marketing Communications,55100.0,97900.0,42800.0
Professional Studies,49900.0,92600.0,42700.0
Public Relations (PR),53500.0,96100.0,42600.0
Organizational Communication,54100.0,96600.0,42500.0
Communication Studies & Journalism,52700.0,95100.0,42400.0
Mechanical Engineering Technology (MET),74200.0,116500.0,42300.0
Urban & Regional Planning,61700.0,103800.0,42100.0
German Studies,58600.0,100600.0,42000.0
Automotive Technology,57300.0,99300.0,42000.0
Financial Accounting,65600.0,107500.0,41900.0
Architectural Technology,57400.0,99200.0,41800.0
Land Surveying,59400.0,101200.0,41800.0
International Affairs,60300.0,102100.0,41800.0
Literature,54800.0,96500.0,41700.0
Agriculture,55100.0,96500.0,41400.0
Publishing,54000.0,95300.0,41300.0
Information Technology (IT) & Systems,72000.0,113300.0,41300.0
Communication,56900.0,98100.0,41200.0
Accounts,69100.0,110200.0,41100.0
Drama,57300.0,98400.0,41100.0
Computer & Network Administration,65700.0,106800.0,41100.0
Computer Animation,54800.0,95800.0,41000.0
Food Science,62500.0,103400.0,40900.0
Physics & Astronomy,67800.0,108600.0,40800.0
Marketing & Mass Communications,56500.0,97300.0,40800.0
Business Communication,60000.0,100800.0,40800.0
Journalism & Electronic Media,53100.0,93900.0,40800.0
Aviation Maintenance Technology,59000.0,99700.0,40700.0
Biology,55300.0,96000.0,40700.0
Entrepreneurship,63600.0,104300.0,40700.0
Operations & Supply Chain Management,71500.0,112200.0,40700.0
Marine Biology,49800.0,90300.0,40500.0
Software Applications & Programming,73700.0,114100.0,40400.0
Computer Aided Drafting & Design (CADD),58000.0,98400.0,40400.0
Zoology,48200.0,88600.0,40400.0
Safety Management,69300.0,109700.0,40400.0
Supply Chain Management,71300.0,111500.0,40200.0
Urban Studies,59500.0,99700.0,40200.0
French Language,57800.0,98000.0,40200.0
Geological Engineering,70500.0,110600.0,40100.0
Insurance,66100.0,106200.0,40100.0
Biology & Chemistry,57300.0,97300.0,40000.0
Sports Management,53000.0,93000.0,40000.0
Human Biology,59500.0,99400.0,39900.0
Project Management,66500.0,106400.0,39900.0
Management,59800.0,99600.0,39800.0
Apparel & Textile Manufacture,55800.0,95400.0,39600.0
Digital Arts,52000.0,91600.0,39600.0
Professional & Technical Writing,57300.0,96900.0,39600.0
Architectural Engineering Technology,55400.0,94900.0,39500.0
History,56200.0,95600.0,39400.0
Allied Health,51300.0,90700.0,39400.0
Media Arts,52800.0,92000.0,39200.0
Physiology,57100.0,96300.0,39200.0
Network Security,69900.0,109100.0,39200.0
Personal Financial Planning,62700.0,101900.0,39200.0
General Science,58300.0,97400.0,39100.0
English Language,52800.0,91800.0,39000.0
American Sign Language Interpreting,52700.0,91600.0,38900.0
Sociology & Organizational Studies,63800.0,102500.0,38700.0
Speech Communication,54500.0,93200.0,38700.0
Mass Communication,52400.0,91000.0,38600.0
City & Regional Planning,61600.0,100200.0,38600.0
American History (United States),60700.0,99200.0,38500.0
Electronic Media,52200.0,90700.0,38500.0
Network Administration,56000.0,94400.0,38400.0
Textile Design,58400.0,96800.0,38400.0
Radio/Television & Film Production,52800.0,91200.0,38400.0
Environmental & Natural Resource Economics,60600.0,98800.0,38200.0
Forestry,54000.0,92200.0,38200.0
Transportation & Logistics Management,67700.0,105800.0,38100.0
Math & Science,65900.0,104000.0,38100.0
Music Performance,53400.0,91500.0,38100.0
General Business,58000.0,96100.0,38100.0
Construction Science & Management,75700.0,113700.0,38000.0
Environmental Studies,57000.0,95000.0,38000.0
Business Management,60800.0,98600.0,37800.0
Neuroscience,60900.0,98700.0,37800.0
Film Production,51800.0,89600.0,37800.0
Fashion,56700.0,94400.0,37700.0
Broadcast Communication,48700.0,86400.0,37700.0
Risk Management & Insurance,69700.0,107400.0,37700.0
Applied Behavior Analysis,44700.0,82400.0,37700.0
Applied Technology,67500.0,105200.0,37700.0
Animation,52400.0,89900.0,37500.0
International Trade & Business,62800.0,100300.0,37500.0
Linguistics,60800.0,98200.0,37400.0
Global Business Management,65700.0,103100.0,37400.0
Applied Management,50600.0,88000.0,37400.0
Business Administration & Accounting,61600.0,98900.0,37300.0
Visual Effects & Motion Graphics,55900.0,93200.0,37300.0
Religious Studies,53000.0,90300.0,37300.0
History & Political Science,58900.0,96100.0,37200.0
Broadcast Journalism,51100.0,88300.0,37200.0
General & Strategic Management,57300.0,94400.0,37100.0
Pre-Medicine,59100.0,96200.0,37100.0
Liberal Arts,54300.0,91400.0,37100.0
Construction Engineering Technology,65700.0,102700.0,37000.0
Environmental Geography,58300.0,95200.0,36900.0
Textile Technology,62300.0,99200.0,36900.0
Ministry,42700.0,79600.0,36900.0
Business Administration,62100.0,99000.0,36900.0
Organizational Development,62300.0,99100.0,36800.0
Media Studies,58800.0,95500.0,36700.0
Environmental Management,59100.0,95700.0,36600.0
French Studies,60700.0,97300.0,36600.0
Leadership,55600.0,92100.0,36500.0
Public Affairs,61100.0,97500.0,36400.0
Public Administration,55000.0,91400.0,36400.0
Electronics Engineering Technology (EET),74500.0,110800.0,36300.0
Personnel Management,59600.0,95900.0,36300.0
Multimedia,52700.0,89000.0,36300.0
Atmospheric Science,57300.0,93600.0,36300.0
Foreign Languages,56200.0,92500.0,36300.0
Computer Art,45400.0,81600.0,36200.0
Industrial Technology (IT),74100.0,110300.0,36200.0
Administration,49700.0,85800.0,36100.0
Agricultural Communication,52400.0,88400.0,36000.0
English Language & Literature,54200.0,90200.0,36000.0
Art Therapy,47500.0,83400.0,35900.0
Information Systems Security,66200.0,102100.0,35900.0
Retailing,57300.0,93200.0,35900.0
Geographic Information Systems (GIS),58000.0,93800.0,35800.0
Mass Media,47100.0,82900.0,35800.0
Fashion Merchandising,55200.0,91000.0,35800.0
Merchandising Management,55800.0,91600.0,35800.0
New Media Design,64900.0,100600.0,35700.0
Computer Security,78500.0,114100.0,35600.0
Human Resources Management (HRM),56100.0,91600.0,35500.0
Meteorology,54400.0,89800.0,35400.0
Law,61600.0,96700.0,35100.0
Drawing,44300.0,79300.0,35000.0
Creative Writing,52800.0,87700.0,34900.0
Information & Communication Technology,55500.0,90100.0,34600.0
Organizational Leadership & Supervision,56200.0,90700.0,34500.0
Sociology & Anthropology,53300.0,87800.0,34500.0
Art History,55300.0,89800.0,34500.0
Logistics,67900.0,102300.0,34400.0
Business Leadership,57600.0,92000.0,34400.0
Agribusiness Management,60400.0,94700.0,34300.0
Spanish Language,56300.0,90500.0,34200.0
Retail & Consumer Science,61600.0,95800.0,34200.0
Communication Arts,49600.0,83800.0,34200.0
Sports Administration,52500.0,86500.0,34000.0
Health & Fitness,45300.0,79200.0,33900.0
Business Data Analysis,74800.0,108700.0,33900.0
Geography,58300.0,92100.0,33800.0
Manufacturing Management,73200.0,107000.0,33800.0
Retail Merchandising,60900.0,94600.0,33700.0
Criminal Justice Administration,53700.0,87300.0,33600.0
Marine Science,53600.0,87200.0,33600.0
Geosciences,57800.0,91400.0,33600.0
Web & Digital Media Development,62700.0,96200.0,33500.0
Forestry Management,56100.0,89500.0,33400.0
Homeland Security,57100.0,90500.0,33400.0
Accounting & Business,61000.0,94300.0,33300.0
Child Psychology,50500.0,83500.0,33000.0
Multidisciplinary Studies,51500.0,84500.0,33000.0
Web Design & Development,63000.0,96000.0,33000.0
Ethnic Studies,55900.0,88800.0,32900.0
Audio Engineering,55500.0,88400.0,32900.0
Informatics,81600.0,114500.0,32900.0
Exercise Physiology,50600.0,83500.0,32900.0
Psychology,52800.0,85700.0,32900.0
Criminology,52200.0,85000.0,32800.0
Health Care Management,53000.0,85800.0,32800.0
Visual Communications,52800.0,85600.0,32800.0
Industrial Engineering Technology,77600.0,110100.0,32500.0
Fashion Marketing & Management,56500.0,89000.0,32500.0
Human Relations,53500.0,86000.0,32500.0
Ornamental Horticulture,47400.0,79800.0,32400.0
Landscape Architecture,60600.0,92900.0,32300.0
Law Enforcement,55200.0,87400.0,32200.0
Health,51000.0,83200.0,32200.0
Human Resources (HR),55500.0,87700.0,32200.0
Electromechanical Engineering,82400.0,114500.0,32100.0
Apparel Merchandising,56700.0,88800.0,32100.0
Health Sciences,52300.0,84300.0,32000.0
Radio & Television,50100.0,82100.0,32000.0
Advertising & Graphic Design,55100.0,87100.0,32000.0
3D Animation,58400.0,90400.0,32000.0
New Media,53100.0,85000.0,31900.0
Accounting Information Systems,73000.0,104800.0,31800.0
Music,52700.0,84400.0,31700.0
Organizational Management,57200.0,88900.0,31700.0
Psychology & Social Behavior,53300.0,84900.0,31600.0
Global Studies,60400.0,92000.0,31600.0
Organizational Leadership,58300.0,89900.0,31600.0
Recreation Management,50300.0,81900.0,31600.0
Communication Management,54400.0,85900.0,31500.0
Art & Design,53200.0,84700.0,31500.0
Social Studies,56600.0,88000.0,31400.0
Aeronautics,72600.0,103900.0,31300.0
Secondary Education,52100.0,83400.0,31300.0
Interior Design,53200.0,84500.0,31300.0
Archaeology,52700.0,83900.0,31200.0
Applied Sociology,48900.0,80100.0,31200.0
Global Business,65400.0,96500.0,31100.0
Kinesiology,52600.0,83700.0,31100.0
Marketing & Advertising,57000.0,88100.0,31100.0
Commercial Photography,50400.0,81300.0,30900.0
Nuclear Engineering Technology (NET),96500.0,127400.0,30900.0
Human Nutrition,57700.0,88500.0,30800.0
Natural Resources,56000.0,86800.0,30800.0
Health Administration,49500.0,80300.0,30800.0
Natural Resource Management,54600.0,85300.0,30700.0
Theater,52800.0,83400.0,30600.0
Animal Science,48300.0,78800.0,30500.0
Agricultural Business,61300.0,91700.0,30400.0
Fine Arts,50400.0,80800.0,30400.0
Earth Science,58700.0,88800.0,30100.0
Anthropology,55200.0,85200.0,30000.0
Criminal Justice,50000.0,80000.0,30000.0
Cultural Anthropology,56400.0,86300.0,29900.0
Ecology,54700.0,84500.0,29800.0
Health Care Administration,53400.0,83200.0,29800.0
Manufacturing Engineering Technology,76800.0,106500.0,29700.0
SocialStudies,54200.0,83900.0,29700.0
Sociology,54700.0,84300.0,29600.0
Business Management & Administration,60700.0,90300.0,29600.0
Logistics Management,67900.0,97500.0,29600.0
Forensic Psychology,49700.0,79100.0,29400.0
Applied Computer Science,76500.0,105900.0,29400.0
German Language & Literature,59400.0,88600.0,29200.0
Human Resources Development,57000.0,86100.0,29100.0
Hospitality Management,55400.0,84500.0,29100.0
Interdisciplinary Studies (IS),52200.0,81200.0,29000.0
Retail Management,62300.0,91300.0,29000.0
Painting,48500.0,77500.0,29000.0
Geomatics,59400.0,88400.0,29000.0
Hotel & Restaurant Management,56400.0,85300.0,28900.0
Management & Leadership,60900.0,89800.0,28900.0
Romance Languages,59100.0,87900.0,28800.0
Religion,51900.0,80600.0,28700.0
Health & Physical Education Teaching,46600.0,75300.0,28700.0
Technical Theatre,48000.0,76600.0,28600.0
Administrative Management,60900.0,89500.0,28600.0
Tourism & Travel,46700.0,75100.0,28400.0
Video Production,48900.0,77300.0,28400.0
Multimedia & Web Design,57600.0,85700.0,28100.0
Speech-Language Pathology,51400.0,79400.0,28000.0
Graphic Design,52900.0,80800.0,27900.0
Liberal Studies,52800.0,80700.0,27900.0
Technical & Scientific Communication,59200.0,87100.0,27900.0
Adult Education & Training,58000.0,85800.0,27800.0
Radiation Therapy,78100.0,105800.0,27700.0
Finance & Marketing,69100.0,96700.0,27600.0
Mortuary Science,49100.0,76600.0,27500.0
Media Communication,55000.0,82500.0,27500.0
Biological Anthropology,54900.0,82400.0,27500.0
Communications Technology,54100.0,81500.0,27400.0
Communication Design,60600.0,87900.0,27300.0
Health & Wellness,46800.0,74100.0,27300.0
Product Design Engineering,75700.0,102900.0,27200.0
Technical Writing,62400.0,89600.0,27200.0
Culinary Arts,47800.0,74900.0,27100.0
Media Production,50800.0,77600.0,26800.0
Psychology & Sociology,50700.0,77400.0,26700.0
Sustainability,56100.0,82700.0,26600.0
Emergency Management,58900.0,85500.0,26600.0
Health Information Management,57200.0,83700.0,26500.0
Women's Studies,52500.0,78900.0,26400.0
Education,52200.0,78500.0,26300.0
Robotics,91100.0,117400.0,26300.0
Vocal Performance,49900.0,76100.0,26200.0
Exercise & Sports Science,49500.0,75700.0,26200.0
Automotive Technology & Service Management,63200.0,89400.0,26200.0
Music Composition,51200.0,77300.0,26100.0
Legal Studies,55000.0,81100.0,26100.0
Fashion Design & Marketing,55300.0,81200.0,25900.0
Welding Engineering Technology,83700.0,109600.0,25900.0
Modern Language Spanish,52400.0,78200.0,25800.0
Cardiopulmonary Science,58200.0,84000.0,25800.0
Health Services Administration,50100.0,75900.0,25800.0
Performing Arts,52900.0,78600.0,25700.0
Web Design,55500.0,81200.0,25700.0
Paralegal Studies,47300.0,72900.0,25600.0
Public Health (PH),54000.0,79600.0,25600.0
Business Technology,64400.0,90000.0,25600.0
Health & Exercise Science,48300.0,73900.0,25600.0
Voice & Opera,39600.0,65100.0,25500.0
Culture Studies,53500.0,79000.0,25500.0
Health Studies,50900.0,76400.0,25500.0
Recreation & Leisure Studies,48400.0,73800.0,25400.0
Physical Education Teaching,49700.0,74900.0,25200.0
Family & Consumer Science,51300.0,76500.0,25200.0
Behavioral Science,50800.0,75900.0,25100.0
Art,51000.0,76000.0,25000.0
Hospitality & Tourism,53200.0,78200.0,25000.0
Merchandising,61000.0,86000.0,25000.0
Restaurant & Food Service Management,50600.0,75500.0,24900.0
Graphic Arts,49800.0,74600.0,24800.0
Radiology,63800.0,88600.0,24800.0
Supervision & Management,49500.0,74300.0,24800.0
Clinical Psychology,49300.0,74000.0,24700.0
Theology,51800.0,76500.0,24700.0
Speech Pathology & Audiology,53100.0,77700.0,24600.0
General Studies,51300.0,75800.0,24500.0
Photography,51300.0,75800.0,24500.0
Foods & Nutrition,54500.0,78900.0,24400.0
Event Management,49800.0,74100.0,24300.0
Hotel Administration,79700.0,104000.0,24300.0
Wildlife Management,45800.0,70000.0,24200.0
Health Services Management,48900.0,73100.0,24200.0
Photojournalism,48200.0,72400.0,24200.0
Church Ministries,43300.0,67400.0,24100.0
Radiologic Science,66000.0,90000.0,24000.0
Exercise Science,48900.0,72900.0,24000.0
Culinary Arts & Food Service Management,49800.0,73700.0,23900.0
Family & Community Services,49700.0,73500.0,23800.0
Physical Geography,56100.0,79800.0,23700.0
Humanities,58100.0,81800.0,23700.0
Small Business Management,54000.0,77600.0,23600.0
Plant Sciences,57400.0,80900.0,23500.0
Educational Studies (ED),46900.0,70300.0,23400.0
Radio Broadcasting,53100.0,76500.0,23400.0
Hospital Administration,60100.0,83300.0,23200.0
Workforce Education & Development,69100.0,92200.0,23100.0
Pastoral Ministry,45800.0,68900.0,23100.0
Management & Organization,79500.0,102400.0,22900.0
Legal Assistant Studies,43300.0,66100.0,22800.0
Life Sciences,61100.0,83900.0,22800.0
Forensic Accounting,56200.0,78900.0,22700.0
History Teacher Education,53000.0,75700.0,22700.0
Radiologic Technology,64000.0,86600.0,22600.0
English Teacher Education,50300.0,72900.0,22600.0
Ceramics,51100.0,73700.0,22600.0
Technical Management,74800.0,97400.0,22600.0
Interior Design & Merchandising,51700.0,74300.0,22600.0
African American & African Studies,55900.0,78400.0,22500.0
Quality Management,73300.0,95800.0,22500.0
Sculpture,46000.0,68200.0,22200.0
Conservation Biology,49400.0,71600.0,22200.0
Instrumental Music Teacher Education,51100.0,73200.0,22100.0
Nutrition & Dietetics,59000.0,81100.0,22100.0
Forensic Science,53600.0,75700.0,22100.0
Secondary English Teacher Education,51700.0,73600.0,21900.0
Parks & Recreation Management,49700.0,71500.0,21800.0
Modern Languages,58900.0,80700.0,21800.0
Music Teacher Education,49600.0,71300.0,21700.0
Justice Studies,53800.0,75200.0,21400.0
Audio Production,51300.0,72600.0,21300.0
Nursing,75300.0,96600.0,21300.0
Physical Education & Exercise Science,52600.0,73900.0,21300.0
Rehabilitation Services,43600.0,64700.0,21100.0
Teaching English as a Second Language (ESL),49900.0,70900.0,21000.0
Christian Ministry,44300.0,65200.0,20900.0
Bible Studies & Theology,46300.0,67000.0,20700.0
Dietetics,59700.0,80300.0,20600.0
Diagnostic Medical Sonography,74100.0,94400.0,20300.0
Clinical Laboratory Science,63400.0,83700.0,20300.0
Horticulture,49900.0,70100.0,20200.0
Wildlife Biology,50200.0,70400.0,20200.0
Nursing Science,77900.0,98100.0,20200.0
Dance,51800.0,72000.0,20200.0
Nuclear Medicine Technology,70300.0,90300.0,20000.0
Nutrition Science,57800.0,77800.0,20000.0
International Trade,55700.0,75600.0,19900.0
Tourism Management,51400.0,71300.0,19900.0
Respiratory Care,63700.0,83500.0,19800.0
Athletic Training,49100.0,68900.0,19800.0
Family Studies,46300.0,66100.0,19800.0
Bachelor in Science Nursing,78500.0,98300.0,19800.0
Youth Ministry,44000.0,63700.0,19700.0
Music Industry,54500.0,74100.0,19600.0
Health Promotion,49500.0,69000.0,19500.0
Human Development & Family Studies,47000.0,66400.0,19400.0
Medical Laboratory Technology,66700.0,85800.0,19100.0
Community Health Education,50100.0,69200.0,19100.0
Cytotechnology,69100.0,88100.0,19000.0
Biblical Studies,48400.0,67300.0,18900.0
Bachelor of Science in Nursing,74300.0,92900.0,18600.0
Respiratory Therapy,63800.0,82400.0,18600.0
Recreation Administration,55500.0,74000.0,18500.0
Medical Laboratory Science,64900.0,83400.0,18500.0
Community Health,54300.0,72400.0,18100.0
Social Studies Teacher Education,50900.0,69000.0,18100.0
Social Work (SW),45000.0,63000.0,18000.0
Radiography,64700.0,82600.0,17900.0
Elementary Special Education,52500.0,70300.0,17800.0
Medical Technology,62800.0,80500.0,17700.0
Electronic & Computer Technology,76400.0,94000.0,17600.0
Gender Studies,52700.0,70000.0,17300.0
Middle Eastern Studies,67900.0,85100.0,17200.0
Child Development,43400.0,60400.0,17000.0
Communication Sciences & Disorders,52000.0,68700.0,16700.0
Office Administration,45600.0,62300.0,16700.0
Consumer Affairs,59500.0,76200.0,16700.0
Special Education,48400.0,65000.0,16600.0
Community Development,53000.0,69600.0,16600.0
Therapeutic Recreation,46700.0,63200.0,16500.0
Electronic Systems Technology (EST),89500.0,105600.0,16100.0
Recording Arts,53400.0,69200.0,15800.0
Home Economics,49200.0,65000.0,15800.0
Human Services (HS),45800.0,61400.0,15600.0
Music Therapy,49400.0,64900.0,15500.0
Speech & Hearing,53200.0,68600.0,15400.0
Elementary Education,47300.0,62500.0,15200.0
Christian Education,47200.0,62200.0,15000.0
Fashion & Retail Management,57300.0,72300.0,15000.0
Diagnostic Medical Imaging,70300.0,85200.0,14900.0
Health and Human Services,50600.0,65100.0,14500.0
Community & Human Services,49500.0,63200.0,13700.0
Diagnostic Medical Ultrasound,78900.0,92500.0,13600.0
Outdoor Education,43400.0,56900.0,13500.0
Network Technology,64100.0,77500.0,13400.0
Recreational Therapy,45700.0,58900.0,13200.0
Early Childhood & Elementary Education,44900.0,58000.0,13100.0
Baking & Pastry Arts,43700.0,56500.0,12800.0
Child & Family Studies,42900.0,55300.0,12400.0
Landscape Design,57900.0,70000.0,12100.0
Equine Studies,42300.0,54100.0,11800.0
Practical Nursing,72100.0,83300.0,11200.0
Dental Hygiene,83400.0,94000.0,10600.0
Mental Health,44100.0,54500.0,10400.0
Middle School Education,49900.0,60200.0,10300.0
Nonprofit Administration,43900.0,53700.0,9800.0
Early Childhood Education,43400.0,52200.0,8800.0
Addictions Counseling,47300.0,52400.0,5100.0
Metalsmithing,45900.0,46600.0,700.0
